"é¡¹ç›®","ä¼šè¯ID","æ—¶é—´",Q,A
cursor-chat-memory,a079be78-466e-4b3f-98f2-faf7aad71266,,"å†å²ä¼šè¯ç®¡ç†æœ‰å¤§é‡é‡å¤","[AIå›ç­”æ ¼å¼å¾…åˆ†æ]"
cursor-chat-memory,a079be78-466e-4b3f-98f2-faf7aad71266,,"æˆ‘çœ‹show chat historyï¼Œè¿™é‡Œå¯ä»¥çœ‹åˆ°3ä¸ªï¼Œä¸€ä¸ªæ˜¯æ˜¨å¤©çš„ï¼šâ€æ‹‰å–æœ€æ–°æäº¤çš„ä»£ç â€œ å¼€å¤´çš„ä¼šè¯ï¼Œä»Šå¤©æœ‰ä¸¤ä¸ªï¼Œâ€œGenerating a name for the chat""""  """"Extracting Key insights from recent conversationsâ€  ä½ ç¡®å®šåŒ…å«äº†ä¹ˆ","[AIå›ç­”æ ¼å¼å¾…åˆ†æ]"
cursor-chat-memory,a079be78-466e-4b3f-98f2-faf7aad71266,,"â€œæœ‰ä¸ªé—®é¢˜ï¼Œå¼•ç”¨çš„å†…å®¹ï¼Œæ²¡æœ‰åŠ ä¸Šé¡¹ç›®çš„æ ‡ç­¾æˆ–è€…å…¨å±€å¼•ç”¨çš„æ ‡ç­¾ï¼Œæ— è®ºæ˜¯webçš„è¿˜æ˜¯æ’ä»¶çš„å†…å®¹å¼•ç”¨ï¼Œéƒ½éœ€è¦ç²¾ç¡®å®šä½ â€   è¿™ä¸ªæ˜¯æ˜¨å¤©çš„å¯¹è¯ â€Generate  a name for the chat""""é‡Œçš„  ä½ èƒ½æ‰¾åˆ°ä¹ˆ","[AIå›ç­”æ ¼å¼å¾…åˆ†æ]"
cursor-chat-memory,a079be78-466e-4b3f-98f2-faf7aad71266,,"http://localhost:3000/   æ‰“å¼€å†å²ä¼šè¯é¡µé¢æŠ¥é”™","[AIå›ç­”æ ¼å¼å¾…åˆ†æ]"
cursor-chat-memory,a079be78-466e-4b3f-98f2-faf7aad71266,,"å…¶ä¸­â€œå¸®æˆ‘çœ‹ä¸‹25å¹´ï¼Œä¸€ä¸‹è¡Œä¸šçš„ä¸»è¦å®¢æˆ·â€è¿™ä¸ªä¸å±äºè¿™ä¸ªé¡¹ç›®ï¼Œä½ ä¹Ÿåˆ—å‡ºæ¥äº†ï¼Œå¦å¤–ä½ å¯¹Global å’ŒProjectçš„æ ‡ç­¾æ˜¯ä¸æ˜¯æœ‰è¯¯è§£ï¼Œæˆ‘æŒ‡çš„Globalæ˜¯æ¯æ¬¡æˆ‘new chatéƒ½è¦åŠ è½½çš„ä¸ç®¡å“ªä¸ªprojectï¼Œè€ŒProjectæ˜¯æŒ‡é’ˆå¯¹é¡¹ç›®çš„","[AIå›ç­”æ ¼å¼å¾…åˆ†æ]"
cursor-chat-memory,a079be78-466e-4b3f-98f2-faf7aad71266,,"å¸®æˆ‘çœ‹ä¸‹25å¹´ï¼Œä¸€ä¸‹è¡Œä¸šçš„ä¸»è¦å®¢æˆ·æœ‰å“ªäº›ï¼Œæ‰‹æœºã€å®¶ç”µã€æ±½è½¦  è¿™ä¸ªå¯¹è¯å†…å®¹æ¥è‡ªäºBIé¡¹ç›®ï¼Œä½ æé”™äº†","[AIå›ç­”æ ¼å¼å¾…åˆ†æ]"
cursor-chat-memory,a079be78-466e-4b3f-98f2-faf7aad71266,,"é‚£ä½ æµ‹è¯•ä¸€ä¸‹åœ¨Biçš„é¡¹ç›®ä¸‹èƒ½çœ‹åˆ°BIçš„ä¹ˆ","[AIå›ç­”æ ¼å¼å¾…åˆ†æ]"
cursor-chat-memory,a079be78-466e-4b3f-98f2-faf7aad71266,,"é‚£ä½ å¸®æˆ‘æŠŠä»Šå¤©çš„ä¼šè¯ä¹ŸåŠ è½½è¿›å»åˆ°å†å²é¡µé¢","[AIå›ç­”æ ¼å¼å¾…åˆ†æ]"
cursor-chat-memory,a079be78-466e-4b3f-98f2-faf7aad71266,,"ä¸æ˜¯åŠ è½½BIçš„é¡¹ç›®ï¼Œè€Œæ˜¯å½“å‰è¿™ä¸ªcursor chat memoryçš„","[AIå›ç­”æ ¼å¼å¾…åˆ†æ]"
cursor-chat-memory,a079be78-466e-4b3f-98f2-faf7aad71266,,"å¸®æˆ‘åˆ†æä¸€ä¸‹ï¼Œå½“å‰çš„ä¼šè¯åœ¨newä¸€ä¸ªchatä¹‹åä¼šcursoræ€ä¹ˆå¤„ç†ï¼Œå­˜åˆ°å“ªé‡Œ","[AIå›ç­”æ ¼å¼å¾…åˆ†æ]"
cursor-chat-memory,a079be78-466e-4b3f-98f2-faf7aad71266,,"ä½ èƒ½åšä»€ä¹ˆ","[AIå›ç­”æ ¼å¼å¾…åˆ†æ]"
cursor-chat-memory,a079be78-466e-4b3f-98f2-faf7aad71266,,"é‚£å½“å‰çš„ä¼šè¯å‘¢ï¼Œæ˜¯åœ¨ç¼“å­˜é‡Œä¹ˆ","[AIå›ç­”æ ¼å¼å¾…åˆ†æ]"
cursor-chat-memory,a079be78-466e-4b3f-98f2-faf7aad71266,,"å®æ—¶æ›´æ–°ï¼š æ¯å½“æœ‰æ–°çš„æ¶ˆæ¯ï¼ˆç‰¹åˆ«æ˜¯ assistant å›å¤ï¼‰æ—¶ï¼Œä¼šè¯ä¼šè¢«ï¼š é‡æ–°å¤„ç† æ›´æ–°ç¼“å­˜ ä¿å­˜åˆ°æœ¬åœ°æ–‡ä»¶ å‘å‡ºæ›´æ–°äº‹ä»¶  ä½ çš„æ„æ€ä¹Ÿä¼šä¿å­˜åˆ°æœ¬åœ°æ–‡ä»¶ï¼Œç°åœ¨å¯ä»¥çœ‹åˆ°æœ¬åœ°æ–‡ä»¶å’Œå†…å®¹ä¹ˆ","[AIå›ç­”æ ¼å¼å¾…åˆ†æ]"
cursor-chat-memory,a079be78-466e-4b3f-98f2-faf7aad71266,,"ä½ æ‰¾ä¸€ä¸‹æˆ‘è·Ÿä½ èŠå¤©çš„å†…å®¹åœ¨æœ¬åœ°æ–‡ä»¶æœ‰æ²¡æœ‰","[AIå›ç­”æ ¼å¼å¾…åˆ†æ]"
cursor-chat-memory,a079be78-466e-4b3f-98f2-faf7aad71266,,"CursorèŠå¤©å­˜å‚¨çš„ä¸€ä¸ªé‡è¦ç‰¹ç‚¹ï¼šä¼šè¯å¯èƒ½ä¸æ˜¯æ¯æ¡æ¶ˆæ¯éƒ½ç«‹å³ä¿å­˜ï¼Œè€Œæ˜¯åœ¨æŸäº›æ¡ä»¶ä¸‹ï¼ˆå¦‚ä¼šè¯æš‚åœã€è¾¾åˆ°ä¸€å®šé•¿åº¦ã€ç”¨æˆ·åˆ‡æ¢ç­‰ï¼‰æ‰è¿›è¡Œæ‰¹é‡ä¿å­˜ã€‚  ä½ å¸®æˆ‘äº†è§£ä¸€ä¸‹Cursoræ˜¯æ€ä¹ˆå¤„ç†çš„","[AIå›ç­”æ ¼å¼å¾…åˆ†æ]"
cursor-chat-memory,a079be78-466e-4b3f-98f2-faf7aad71266,,"è‡ªåŠ¨ä¿å­˜é—´éš” - Cursorå¯èƒ½æœ‰å›ºå®šçš„ä¿å­˜é—´éš”ï¼ˆå¦‚æ¯5-10åˆ†é’Ÿï¼‰  å¸®æˆ‘çœ‹çœ‹è¿™ä¸ªé—´éš”æ˜¯ï¼Ÿå¦‚æœæ²¡æœ‰å¸®æˆ‘è®¾ç½®10åˆ†é’Ÿä¸€æ¬¡ä¿å­˜","[AIå›ç­”æ ¼å¼å¾…åˆ†æ]"
cursor-chat-memory,a079be78-466e-4b3f-98f2-faf7aad71266,,"é‚£ä¹ˆç°åœ¨ä½ å¸®æˆ‘çœ‹çœ‹å½“å‰ä¼šè¯ä¿å­˜åœ¨å“ªé‡Œäº†","[AIå›ç­”æ ¼å¼å¾…åˆ†æ]"
cursor-chat-memory,a079be78-466e-4b3f-98f2-faf7aad71266,,"å‘Šè¯‰æˆ‘å¦‚ä½•è®¿é—®/Users/jay/Library/Application Support/Cursor/User/workspaceStorage/e76c6a8343ed4d7d7b8f77651bad3214/state.vscdb","[AIå›ç­”æ ¼å¼å¾…åˆ†æ]"
cursor-chat-memory,a079be78-466e-4b3f-98f2-faf7aad71266,,"æˆ‘ç”¨dbeaveråº”è¯¥å¦‚ä½•é…ç½®è¿æ¥","[AIå›ç­”æ ¼å¼å¾…åˆ†æ]"
cursor-chat-memory,a079be78-466e-4b3f-98f2-faf7aad71266,,"æˆ‘ç”¨dbeaveråº”è¯¥å¦‚ä½•é…ç½®è¿æ¥ï¼Œæˆ‘æ˜¯å®¢æˆ·ç«¯å·¥å…·","[AIå›ç­”æ ¼å¼å¾…åˆ†æ]"
cursor-chat-memory,a079be78-466e-4b3f-98f2-faf7aad71266,,"ä½¿ç”¨sqlæŸ¥è¯¢æŸ¥èŠå¤©ä¿¡æ¯çš„ç¤ºä¾‹","[AIå›ç­”æ ¼å¼å¾…åˆ†æ]"
cursor-chat-memory,a079be78-466e-4b3f-98f2-faf7aad71266,,"æˆ‘çœ‹åˆ°Keyæ˜¯è¿™ä¸ªaiService.generations aiService.prompts workbench.panel.composerChatViewPane.a079be78-466e-4b3f-98f2-faf7aad71266 workbench.panel.viewContainersWorkspaceState workbench.panel.composerChatViewPane.f41bf6be-620a-47b0-8d83-0878ed2da9df workbench.auxiliarybar.viewContainersWorkspaceState workbench.auxiliarybar.initialViewContainers ~remote.forwardedPortsContainer chat.editing.autosaveDisabled workbench.panel.aichat.a079be78-466e-4b3f-98f2-faf7aad71266.numberOfVisibleViews æˆ‘æ€ä¹ˆåŒºåˆ†é¡¹ç›®","[AIå›ç­”æ ¼å¼å¾…åˆ†æ]"
cursor-chat-memory,a079be78-466e-4b3f-98f2-faf7aad71266,,"memento/workbench.parts.editor aiService.generations aiService.prompts memento/workbench.editors.files.textFileEditor history.entries __$__targetStorageMarker workbench.view.extensions.state terminal.integrated.environmentVariableCollectionsV2 codelens/cache2 composer.composerData workbench.panel.composerChatViewPane.a079be78-466e-4b3f-98f2-faf7aad71266 src.vs.platform.reactivestorage.browser.reactiveStorageServiceImpl.persistentStorage.workspaceUser workbench.explorer.treeViewState workbench.view.debug.state anysphere.cursor-retrieval workbench.backgroundComposer.workspacePersistentData workbench.explorer.views.state workbench.panel.viewContainersWorkspaceState workbench.zenMode.exitInfo workbench.scm.views.state memento/workbench.panel.markers terminal.integrated.layoutInfo scm:view:visibleRepositories workbench.panel.composerChatViewPane.f41bf6be-620a-47b0-8d83-0878ed2da9df  å¸®æˆ‘çœ‹çœ‹è¿™äº›åœ¨èŠå¤©è®°å½•çš„æ•°æ®åº“çš„keyæ˜¯ä»€ä¹ˆæ„æ€ï¼Œæ„æˆè§„åˆ™æ˜¯ä»€ä¹ˆï¼Œæœ€é‡è¦çš„æ˜¯è¦æ‰¾åˆ°é¡¹ç›®ã€ä¼šè¯ã€å†…å®¹","[AIå›ç­”æ ¼å¼å¾…åˆ†æ]"
cursor-chat-memory,a079be78-466e-4b3f-98f2-faf7aad71266,,"è¿™é‡Œæœ‰ä¸ªé—®é¢˜ï¼Œç”¨æˆ·æç¤ºè¯å’ŒAIå›å¤æ˜¯åˆ†å¼€çš„ï¼Œä½ æ€ä¹ˆçŸ¥é“å“ªä¸ªé—®å¯¹åº”å“ªä¸ªç­”","[AIå›ç­”æ ¼å¼å¾…åˆ†æ]"
cursor-chat-memory,a079be78-466e-4b3f-98f2-faf7aad71266,,"æœ‰æ²¡æœ‰å¯èƒ½åœ¨è½åº“å‰æ‰¾åˆ°è¿™äº›å…³ç³»å’Œå†…å®¹","[AIå›ç­”æ ¼å¼å¾…åˆ†æ]"
cursor-chat-memory,a079be78-466e-4b3f-98f2-faf7aad71266,,"ä½ å¸®æˆ‘è¯•è¯•","[AIå›ç­”æ ¼å¼å¾…åˆ†æ]"
cursor-chat-memory,a079be78-466e-4b3f-98f2-faf7aad71266,,"å¥½","[AIå›ç­”æ ¼å¼å¾…åˆ†æ]"
cursor-chat-memory,a079be78-466e-4b3f-98f2-faf7aad71266,,"é‚£ä¹ˆå¸®æˆ‘ç”Ÿæˆä¸€ä¸ªè®°å½•ï¼šé¡¹ç›®ã€ä¼šè¯idã€æ—¶é—´ã€Qã€A","[AIå›ç­”æ ¼å¼å¾…åˆ†æ]"
cursor-chat-memory,a079be78-466e-4b3f-98f2-faf7aad71266,"2025-06-10 00:15:19","@https://github.com/jayshen1031/cursor-chat-memory    å¸®æˆ‘æ‹‰å–æœ€æ–°æäº¤çš„ä»£ç ï¼Œä¸ç®¡é‚£ä¸ªåˆ†æ”¯çš„",""
cursor-chat-memory,a079be78-466e-4b3f-98f2-faf7aad71266,"2025-06-10 00:15:41","æœ€æ–°çš„æäº¤æ—¶é—´æ˜¯ï¼Ÿ",""
cursor-chat-memory,a079be78-466e-4b3f-98f2-faf7aad71266,"2025-06-10 00:16:03","æˆ‘åº”è¯¥æœ‰æœ€æ–°çš„ä»£ç æäº¤æ‰æ˜¯",""
cursor-chat-memory,a079be78-466e-4b3f-98f2-faf7aad71266,"2025-06-10 00:16:41","è¿™ä¸ªé¡¹ç›®ç¡®å®æœ‰å®Œæ•´çš„ VS Code/Cursor æ’ä»¶åŠŸèƒ½ï¼Œè¯·å¸®æˆ‘çœ‹çœ‹",""
cursor-chat-memory,a079be78-466e-4b3f-98f2-faf7aad71266,"2025-06-10 00:17:15","è¿˜æœ‰æ’ä»¶çš„åŠŸèƒ½ï¼Œä½†æ˜¯æˆ‘çœ‹æ²¡æœ‰è‡ªåŠ¨æ‰“å¼€",""
cursor-chat-memory,a079be78-466e-4b3f-98f2-faf7aad71266,"2025-06-10 00:18:12","æœ‰ä¸ªé—®é¢˜ï¼Œæˆ‘æ‰§è¡Œstart extå‘½ä»¤ï¼Œè‡ªåŠ¨è·³è½¬åˆ°äº†TMP.O2MQ6LDOJO",""
cursor-chat-memory,a079be78-466e-4b3f-98f2-faf7aad71266,"2025-06-10 00:18:53","éœ€è¦çš„",""
cursor-chat-memory,a079be78-466e-4b3f-98f2-faf7aad71266,"2025-06-10 00:20:01","æ‰§è¡Œstart extæˆ‘é€‰æ‹©æ‰“å¼€cursor chat memoryå¤±è´¥äº†ï¼Œæ²¡æœ‰ååº”","ç»§ç»­"
cursor-chat-memory,a079be78-466e-4b3f-98f2-faf7aad71266,"2025-06-10 00:25:12","æˆ‘æ‰“å¼€åˆ«çš„é¡¹ç›®ç›®å½•å¯ä»¥çš„ï¼Œä½†æ˜¯æ‰“å¼€è‡ªå·±ä¸è¡Œ","ç»§ç»­ä¿®å¤å‰©ä½™çš„APIç«¯ç‚¹"
cursor-chat-memory,a079be78-466e-4b3f-98f2-faf7aad71266,"2025-06-10 00:25:16","æ²¡æœ‰ä»»ä½•å†å²ä¼šè¯è¢«ç»Ÿè®¡","ç»§ç»­ä¿®å¤å‰©ä½™çš„APIç«¯ç‚¹"
cursor-chat-memory,a079be78-466e-4b3f-98f2-faf7aad71266,"2025-06-10 00:25:26",". **é—®é¢˜**ï¼šCursoråœ¨æ‰©å±•å¼€å‘æ¨¡å¼ä¸‹ä¼šåˆ›å»ºç‹¬ç«‹çš„å·¥ä½œåŒºï¼Œchatæ–‡ä»¶è¢«ä¿å­˜åœ¨é¡¹ç›®ç›®å½•å†…çš„Â ~/.cursor/chat/Â è€Œä¸æ˜¯å…¨å±€çš„Â ~/.cursor/chat/ï¼Œä½†æ’ä»¶é…ç½®æŒ‡å‘çš„æ˜¯å…¨å±€ç›®å½•ã€‚  1. 1. **é—®é¢˜**ï¼šCursoråœ¨æ‰©å±•å¼€å‘æ¨¡å¼ä¸‹ä¼šåˆ›å»ºç‹¬ç«‹çš„å·¥ä½œåŒºï¼Œchatæ–‡ä»¶è¢«ä¿å­˜åœ¨é¡¹ç›®ç›®å½•å†…çš„Â ~/.cursor/chat/Â è€Œä¸æ˜¯å…¨å±€çš„Â ~/.cursor/chat/ï¼Œä½†æ’ä»¶é…ç½®æŒ‡å‘çš„æ˜¯å…¨å±€ç›®å½•ã€‚","ç»§ç»­ä¿®å¤å‰©ä½™çš„APIç«¯ç‚¹"
cursor-chat-memory,a079be78-466e-4b3f-98f2-faf7aad71266,"2025-06-10 10:21:08","å¯ä»¥äº†","ç»§ç»­"
cursor-chat-memory,a079be78-466e-4b3f-98f2-faf7aad71266,"2025-06-10 10:28:51","å¸®æˆ‘æäº¤ä»£ç ","å†å²ä¼šè¯ç®¡ç†æœ‰å¤§é‡é‡å¤"
cursor-chat-memory,a079be78-466e-4b3f-98f2-faf7aad71266,"2025-06-10 10:30:11","jayshen1031@gmail.com  Anlen.123",ChatMemoryService.ts
cursor-chat-memory,a079be78-466e-4b3f-98f2-faf7aad71266,"2025-06-10 10:30:33","ç”¨sshçš„æ–¹å¼å§ï¼Œæˆ‘æœ¬åœ°çš„sshå·²ç»è®¤è¯",sqliteChatReader.ts
cursor-chat-memory,a079be78-466e-4b3f-98f2-faf7aad71266,"2025-06-10 10:30:48","ä½ å¸®æˆ‘æäº¤å§",sqliteChatReader.ts
cursor-chat-memory,a079be78-466e-4b3f-98f2-faf7aad71266,"2025-06-10 10:31:00","ç»§ç»­å¼€å‘å…¶ä»–åŠŸèƒ½ï¼Œ**æ‚¨æåˆ°çš„é—®é¢˜å’Œè§£å†³æ–¹æ¡ˆï¼š**  1. **é—®é¢˜**ï¼šCursoråœ¨æ‰©å±•å¼€å‘æ¨¡å¼ä¸‹ä¼šåˆ›å»ºç‹¬ç«‹çš„å·¥ä½œåŒºï¼Œchatæ–‡ä»¶è¢«ä¿å­˜åœ¨é¡¹ç›®ç›®å½•å†…çš„Â ~/.cursor/chat/Â è€Œä¸æ˜¯å…¨å±€çš„Â ~/.cursor/chat/ï¼Œä½†æ’ä»¶é…ç½®æŒ‡å‘çš„æ˜¯å…¨å±€ç›®å½•ã€‚  1. 1. **é—®é¢˜**ï¼šCursoråœ¨æ‰©å±•å¼€å‘æ¨¡å¼ä¸‹ä¼šåˆ›å»ºç‹¬ç«‹çš„å·¥ä½œåŒºï¼Œchatæ–‡ä»¶è¢«ä¿å­˜åœ¨é¡¹ç›®ç›®å½•å†…çš„Â ~/.cursor/chat/Â è€Œä¸æ˜¯å…¨å±€çš„Â ~/.cursor/chat/ï¼Œä½†æ’ä»¶é…ç½®æŒ‡å‘çš„æ˜¯å…¨å±€ç›®å½•ã€‚ 2. **è§£å†³æ–¹æ¡ˆ**ï¼šæ’ä»¶å·²ç»å®ç°äº†æ™ºèƒ½è·¯å¾„æ£€æµ‹ï¼š - å¼€å‘æ¨¡å¼ä¸‹ä¼˜å…ˆæ£€æŸ¥Â é¡¹ç›®ç›®å½•/~/.cursor/chat/ - å¦‚æœæ‰¾ä¸åˆ°åˆ™å›é€€åˆ°å…¨å±€Â ~/.cursor/chat/ - è‡ªåŠ¨é€‰æ‹©æœ‰chatæ–‡ä»¶çš„ç›®å½•  1. **ç°çŠ¶**ï¼šä»CLIè¾“å‡ºÂ ğŸ“ æ£€æµ‹åˆ°chatç›®å½•: /Users/jay/åŒæ­¥ç©ºé—´/projects/cursor-chat-memory/~/.cursor/chat (10ä¸ªæ–‡ä»¶)Â å¯ä»¥ç¡®è®¤æ’ä»¶æ­£ç¡®æ‰¾åˆ°å¹¶ä½¿ç”¨äº†é¡¹ç›®å†…çš„chatç›®å½•ã€‚  1. 1. **ç°çŠ¶**ï¼šä»CLIè¾“å‡ºÂ ğŸ“ æ£€æµ‹åˆ°chatç›®å½•: /Users/jay/åŒæ­¥ç©ºé—´/projects/cursor-chat-memory/~/.cursor/chat (10ä¸ªæ–‡ä»¶)Â å¯ä»¥ç¡®è®¤æ’ä»¶æ­£ç¡®æ‰¾åˆ°å¹¶ä½¿ç”¨äº†é¡¹ç›®å†…çš„chatç›®å½•ã€‚  **è¿™ä¸ªè·¯å¾„ä¸åŒ¹é…é—®é¢˜å·²ç»åœ¨æ‚¨ä¹‹å‰çš„ä¼šè¯ä¸­è¢«è¯†åˆ«å¹¶å®Œç¾è§£å†³äº†ï¼**Â æ’ä»¶ç°åœ¨èƒ½å¤Ÿè‡ªåŠ¨é€‚åº”Cursorçš„æ‰©å±•å¼€å‘æ¨¡å¼ï¼Œæ­£ç¡®è¯»å–é¡¹ç›®å†…çš„chatå†å²ã€‚  è¿™ä¸ªä¿®å¤äº†å§",sqliteChatReader.ts
cursor-chat-memory,a079be78-466e-4b3f-98f2-faf7aad71266,"2025-06-10 10:31:13","1. **åŒ…å«è·¯å¾„é—®é¢˜è§£å†³æ–¹æ¡ˆçš„ä¼šè¯å­˜åœ¨**ï¼š`very-long-conversation.json`ï¼ˆ13KBï¼‰åŒ…å«äº†å®Œæ•´çš„è®¨è®º 2. **æ’ä»¶èƒ½æ­£ç¡®æ£€æµ‹å¹¶åŠ è½½**ï¼šCLIæ˜¾ç¤ºæˆåŠŸå¤„ç†äº†ç›¸å…³ä¼šè¯ 3. **é‡è¦ä¿¡æ¯åœ¨å¼•ç”¨ä¸­**ï¼šåœ¨ `recent` æ¨¡æ¿ä¸­ï¼Œç¬¬2é¡¹å°±æ˜¯åŒ…å«è·¯å¾„é—®é¢˜è§£å†³æ–¹æ¡ˆçš„ä¼šè¯  è¿™ä¸ªåŠŸèƒ½å‘¢",sqliteChatReader.ts
cursor-chat-memory,a079be78-466e-4b3f-98f2-faf7aad71266,"2025-06-10 10:32:41","å¥½",webServer.ts
cursor-chat-memory,a079be78-466e-4b3f-98f2-faf7aad71266,"2025-06-10 10:35:02","æ’ä»¶å¥½åƒè¢«è‡ªåŠ¨ç¦ç”¨äº†",""
cursor-chat-memory,a079be78-466e-4b3f-98f2-faf7aad71266,"2025-06-10 10:41:11","æ­£å¸¸äº†ï¼Œä½†æ˜¯ç›´æ¥æ‰“å¼€äº†å¦å¤–ä¸€ä¸ªé¡¹ç›®æ–‡ä»¶ï¼Œä¸éœ€è¦è‡ªåŠ¨æ‰“å¼€ï¼Œæˆ‘è¦é€‰æ‹©æƒ","æˆ‘çœ‹show chat historyï¼Œè¿™é‡Œå¯ä»¥çœ‹åˆ°3ä¸ªï¼Œä¸€ä¸ªæ˜¯æ˜¨å¤©çš„ï¼šâ€æ‹‰å–æœ€æ–°æäº¤çš„ä»£ç â€œ å¼€å¤´çš„ä¼šè¯ï¼Œä»Šå¤©æœ‰ä¸¤ä¸ªï¼Œâ€œGenerating a name for the chat""""  """"Extracting Key insights from recent conversationsâ€  ä½ ç¡®å®šåŒ…å«äº†ä¹ˆ"
cursor-chat-memory,a079be78-466e-4b3f-98f2-faf7aad71266,"2025-06-10 10:41:56","è¿˜æ˜¯è‡ªåŠ¨æ‰“å¼€äº†",webServer.ts
cursor-chat-memory,a079be78-466e-4b3f-98f2-faf7aad71266,"2025-06-10 10:47:35","è¿˜æ˜¯è‡ªåŠ¨æ‰“å¼€äº†ä¹‹å‰çš„é¡¹ç›®æ–‡ä»¶å¤¹ï¼Œå®¢æˆ·å”®å‰ç­‰çº§è¯„åˆ†ç³»ç»Ÿ v2.0","â€œæœ‰ä¸ªé—®é¢˜ï¼Œå¼•ç”¨çš„å†…å®¹ï¼Œæ²¡æœ‰åŠ ä¸Šé¡¹ç›®çš„æ ‡ç­¾æˆ–è€…å…¨å±€å¼•ç”¨çš„æ ‡ç­¾ï¼Œæ— è®ºæ˜¯webçš„è¿˜æ˜¯æ’ä»¶çš„å†…å®¹å¼•ç”¨ï¼Œéƒ½éœ€è¦ç²¾ç¡®å®šä½ â€   è¿™ä¸ªæ˜¯æ˜¨å¤©çš„å¯¹è¯ â€Generate  a name for the chat""""é‡Œçš„  ä½ èƒ½æ‰¾åˆ°ä¹ˆ"
cursor-chat-memory,a079be78-466e-4b3f-98f2-faf7aad71266,"2025-06-10 10:49:33","è¿™æ¬¡ç›´æ¥åˆ°ç™»å½•é¡µé¢äº†",script.js
cursor-chat-memory,a079be78-466e-4b3f-98f2-faf7aad71266,"2025-06-10 10:49:56","ä¸æ˜¯ï¼Œä½ è¿˜æ˜¯åœ¨æ–°çª—å£è‡ªåŠ¨æ‰“å¼€äº†æ–‡ä»¶å¤¹/Users/jay/Documents/baidu/projects/customer-admission-system/",script.js
cursor-chat-memory,a079be78-466e-4b3f-98f2-faf7aad71266,"2025-06-10 10:50:30","ç°åœ¨çš„ç»Ÿè®¡ä¿¡æ¯é‡Œæœ‰0ä¸ªå†å²ä¼šè¯ï¼Œæˆ‘å…ˆå…³é—­ï¼Œåé¢çœ‹çœ‹æœ‰æ²¡æœ‰å†å²ä¼šè¯",script.js
cursor-chat-memory,a079be78-466e-4b3f-98f2-faf7aad71266,"2025-06-10 10:50:52","å¹¶æ²¡æœ‰ä¿å­˜çš„å†å²ä¼šè¯è¢«çœ‹åˆ°ï¼Œä½ çœ‹çœ‹æ˜¯å¦æ¼äº†å…¶ä»–çš„ç›®å½•å­˜äº†ç‹¬ç«‹çš„ä¼šè¯",style.css
cursor-chat-memory,a079be78-466e-4b3f-98f2-faf7aad71266,"2025-06-10 10:51:20","**æ‚¨æåˆ°çš„é—®é¢˜å’Œè§£å†³æ–¹æ¡ˆï¼š**  1. **é—®é¢˜**ï¼šCursoråœ¨æ‰©å±•å¼€å‘æ¨¡å¼ä¸‹ä¼šåˆ›å»ºç‹¬ç«‹çš„å·¥ä½œåŒºï¼Œchatæ–‡ä»¶è¢«ä¿å­˜åœ¨é¡¹ç›®ç›®å½•å†…çš„Â ~/.cursor/chat/Â è€Œä¸æ˜¯å…¨å±€çš„Â ~/.cursor/chat/ï¼Œä½†æ’ä»¶é…ç½®æŒ‡å‘çš„æ˜¯å…¨å±€ç›®å½•ã€‚  1. 1. **é—®é¢˜**ï¼šCursoråœ¨æ‰©å±•å¼€å‘æ¨¡å¼ä¸‹ä¼šåˆ›å»ºç‹¬ç«‹çš„å·¥ä½œåŒºï¼Œchatæ–‡ä»¶è¢«ä¿å­˜åœ¨é¡¹ç›®ç›®å½•å†…çš„Â ~/.cursor/chat/Â è€Œä¸æ˜¯å…¨å±€çš„Â ~/.cursor/chat/ï¼Œä½†æ’ä»¶é…ç½®æŒ‡å‘çš„æ˜¯å…¨å±€ç›®å½•ã€‚ 2. **è§£å†³æ–¹æ¡ˆ**ï¼šæ’ä»¶å·²ç»å®ç°äº†æ™ºèƒ½è·¯å¾„æ£€æµ‹ï¼š - å¼€å‘æ¨¡å¼ä¸‹ä¼˜å…ˆæ£€æŸ¥Â é¡¹ç›®ç›®å½•/~/.cursor/chat/ - å¦‚æœæ‰¾ä¸åˆ°åˆ™å›é€€åˆ°å…¨å±€Â ~/.cursor/chat/ - è‡ªåŠ¨é€‰æ‹©æœ‰chatæ–‡ä»¶çš„ç›®å½•  1. **ç°çŠ¶**ï¼šä»CLIè¾“å‡ºÂ ğŸ“ æ£€æµ‹åˆ°chatç›®å½•: /Users/jay/åŒæ­¥ç©ºé—´/projects/cursor-chat-memory/~/.cursor/chat (10ä¸ªæ–‡ä»¶)Â å¯ä»¥ç¡®è®¤æ’ä»¶æ­£ç¡®æ‰¾åˆ°å¹¶ä½¿ç”¨äº†é¡¹ç›®å†…çš„chatç›®å½•ã€‚  1. 1. **ç°çŠ¶**ï¼šä»CLIè¾“å‡ºÂ ğŸ“ æ£€æµ‹åˆ°chatç›®å½•: /Users/jay/åŒæ­¥ç©ºé—´/projects/cursor-chat-memory/~/.cursor/chat (10ä¸ªæ–‡ä»¶)Â å¯ä»¥ç¡®è®¤æ’ä»¶æ­£ç¡®æ‰¾åˆ°å¹¶ä½¿ç”¨äº†é¡¹ç›®å†…çš„chatç›®å½•ã€‚  **è¿™ä¸ªè·¯å¾„ä¸åŒ¹é…é—®é¢˜å·²ç»åœ¨æ‚¨ä¹‹å‰çš„ä¼šè¯ä¸­è¢«è¯†åˆ«å¹¶å®Œç¾è§£å†³äº†ï¼**Â æ’ä»¶ç°åœ¨èƒ½å¤Ÿè‡ªåŠ¨é€‚åº”Cursorçš„æ‰©å±•å¼€å‘æ¨¡å¼ï¼Œæ­£ç¡®è¯»å–é¡¹ç›®å†…çš„chatå†å²ã€‚  æˆ‘ä¹‹å‰çš„è§£å†³æ–¹æ¡ˆ",style.css
cursor-chat-memory,a079be78-466e-4b3f-98f2-faf7aad71266,"2025-06-10 10:51:31","æ’ä»¶æ­£å¸¸å·¥ä½œï¼šæ£€æµ‹åˆ°é¡¹ç›®å†…çš„chatç›®å½• /Users/jay/åŒæ­¥ç©ºé—´/projects/cursor-chat-memory/~/.cursor/chat  ä¸»è¦æ˜¯è¿™ä¸ªä¿¡æ¯",style.css
cursor-chat-memory,a079be78-466e-4b3f-98f2-faf7aad71266,"2025-06-10 10:51:54","å¥½çš„ï¼Œè¯·æä¾›ä¿®æ­£åçš„ä»£ç æ–¹æ¡ˆ",extension.ts
cursor-chat-memory,a079be78-466e-4b3f-98f2-faf7aad71266,"2025-06-10 10:52:10","ä¸ºä»€ä¹ˆæˆ‘å‘ç° /Users/jay/åŒæ­¥ç©ºé—´/projects/cursor-chat-memory/  ä¸å­˜åœ¨ç›®å½•",extension.ts
cursor-chat-memory,a079be78-466e-4b3f-98f2-faf7aad71266,"2025-06-10 10:52:20","æˆ‘å…³é—­cursorçœ‹ä¸‹é‡æ–°æ‰“å¼€æ˜¯å¦èƒ½çœ‹åˆ°æœ¬æ¬¡å¯¹è¯å†å²",extension.ts
cursor-chat-memory,a079be78-466e-4b3f-98f2-faf7aad71266,"2025-06-10 10:52:55","å¸®æˆ‘æ€»ç»“ä¸‹é—®é¢˜å’Œè§£å†³æ–¹æ¡ˆ",extension.ts
cursor-chat-memory,a079be78-466e-4b3f-98f2-faf7aad71266,"2025-06-10 10:53:13","**ğŸ”„ è°ƒæ•´å‰ï¼ˆ8Ké™åˆ¶ï¼‰ï¼š**  - åªèƒ½æ˜¾ç¤ºå°‘é‡ä¼šè¯ - æ ‡é¢˜å’Œæ‘˜è¦å¤§é‡æˆªæ–­ï¼ˆçœç•¥å·ï¼‰ - ä¸Šä¸‹æ–‡ä¿¡æ¯æœ‰é™  **âœ… è°ƒæ•´åï¼ˆ100Ké™åˆ¶ï¼‰ï¼š**  - **åŒ…å«å…¨éƒ¨14ä¸ªä¼šè¯** - **æ›´è¯¦ç»†çš„æ‘˜è¦å†…å®¹**ï¼ˆä»200â†’800å­—ç¬¦ï¼‰ - **æ›´å®Œæ•´çš„æ ‡é¢˜**ï¼ˆä»50â†’100å­—ç¬¦ï¼‰ - **æ›´ä¸°å¯Œçš„ä¸Šä¸‹æ–‡ä¿¡æ¯**  ### ğŸ¯ å…·ä½“æ”¹è¿›ä½“ç°  1. **ä¼šè¯æ•°é‡å¤§å¹…å¢åŠ **ï¼š     - åŸæ¥ï¼šæœ€å¤š10ä¸ªä¼šè¯     - ç°åœ¨ï¼šå¯ä»¥åŒ…å«50ä¸ªä¼šè¯ 2. **å†…å®¹æ›´åŠ è¯¦ç»†**ï¼š     - æ‘˜è¦é•¿åº¦å¢åŠ 4å€ï¼ˆ200â†’800å­—ç¬¦ï¼‰     - æ ‡é¢˜é•¿åº¦å¢åŠ 2å€ï¼ˆ50â†’100å­—ç¬¦ï¼‰     - å‡å°‘äº†""""...""""çœç•¥å·çš„å‡ºç° 3. **ä¸Šä¸‹æ–‡ä½¿ç”¨ä¼˜åŒ–**ï¼š     - å½“å‰ä½¿ç”¨ï¼š~1826 tokens     - å¯ç”¨ç©ºé—´ï¼š80,000 tokens     - è¿˜æœ‰å·¨å¤§çš„æ‰©å±•ç©ºé—´ï¼  ### ğŸ’¡ ç°åœ¨æ‚¨å¯ä»¥äº«å—ï¼š  - **ğŸ“š æ›´å…¨é¢çš„å†å²ä¸Šä¸‹æ–‡**ï¼šä¸å†é”™è¿‡é‡è¦çš„ä¼šè¯å†…å®¹ - **ğŸ¯ æ›´ç²¾ç¡®çš„æ™ºèƒ½æ¨è**ï¼šåŸºäºæ›´ä¸°å¯Œçš„æ•°æ®è¿›è¡ŒåŒ¹é… - **âš¡ æ›´é«˜æ•ˆçš„å·¥ä½œæµç¨‹**ï¼šä¸€æ¬¡æ€§è·å–æ›´å¤šç›¸å…³ä¿¡æ¯ - **ğŸ§  æ›´æ™ºèƒ½çš„é¡¹ç›®ä¸Šä¸‹æ–‡**ï¼šæ”¯æŒå¤§å‹é¡¹ç›®çš„å¤æ‚éœ€æ±‚ æœ‰å»ºè®®è¿™ä¹ˆè°ƒæ•´",extension.ts
cursor-chat-memory,a079be78-466e-4b3f-98f2-faf7aad71266,"2025-06-10 10:54:15","å¸®æˆ‘æäº¤ä¸€ä¸‹ä»£ç ","http://localhost:3000/   æ‰“å¼€å†å²ä¼šè¯é¡µé¢æŠ¥é”™"
cursor-chat-memory,a079be78-466e-4b3f-98f2-faf7aad71266,"2025-06-10 10:55:03","ä¹‹å‰çš„èŠå¤©æ–‡ä»¶çš„ä¿®å¤ä¹Ÿæäº¤äº†å—",script.js
cursor-chat-memory,a079be78-466e-4b3f-98f2-faf7aad71266,"2025-06-10 10:55:15","æˆ‘æŒ‡çš„æ˜¯èŠå¤©æ–‡ä»¶ä¹‹å‰æ— æ³•å®šä½çš„é—®é¢˜ï¼Œä»£ç ä¸Šä¿®å¤äº†çš„æœ‰æ²¡æœ‰æäº¤",script.js
cursor-chat-memory,a079be78-466e-4b3f-98f2-faf7aad71266,"2025-06-10 10:55:39","å¸®æˆ‘å°†è¿™äº›é‡è¦ä¿¡æ¯ä¹Ÿæäº¤",index.html
cursor-chat-memory,a079be78-466e-4b3f-98f2-faf7aad71266,"2025-06-10 10:56:33","ä¿®å¤çš„ä¿¡æ¯ï¼ŒåŠŸèƒ½çš„ä¿¡æ¯",script.js
cursor-chat-memory,a079be78-466e-4b3f-98f2-faf7aad71266,"2025-06-10 10:57:33","ä½ æ•´åˆè®°å½•åˆ°READMEä¹Ÿå¯ä»¥",style.css
cursor-chat-memory,a079be78-466e-4b3f-98f2-faf7aad71266,"2025-06-10 11:01:46","ğŸ’¡ **æœ€è¿‘ä¼šè¯** (5ä¸ªä¼šè¯)  **1. My React app is loading slowly...** [æ•°æ®åº“] #æ•°æ®åº“ #ä¼˜åŒ– ğŸ“ Runtime Performance Optimization | 1. Memoization | 2. Virtual Scrolling for Large Lists  **2. Our PostgreSQL queries are run...** [æ•°æ®åº“] #æ•°æ®åº“ ğŸ“ Query Optimization Techniques | 1. Avoid N+1 Queries | 2. Use EXISTS instead of IN for large subqueries  **3. I'm struggling with TypeScript...** [å…¶ä»–] #å…¶ä»– #æ•™ç¨‹ ğŸ“ Great question! Here's how to extract function parameter types from a union of functions:  ```typesc...  **4. I'm getting an error 'Cannot r...** [å…¶ä»–] #å…¶ä»– ğŸ“ 1. Add proper dependencies: | 2. Use useCallback for functions:  **5. How do I filter an array in Ja...** [æ•°æ®åº“] #æ•°æ®åº“ ğŸ“ Filter first if you want to reduce the array size early | Map first if the transformation affects your filtering condition  --- ğŸ“Š ä¸Šä¸‹æ–‡ä½¿ç”¨: ~509 tokens (5/5ä¸ªä¼šè¯)  å¿«é€Ÿå¼•ç”¨å¤ªå°‘äº†ï¼Œè€Œä¸”è¿˜æœ‰å„ç§çœç•¥ï¼Œå¸®æˆ‘å°†å†å²ä¼šè¯çš„å†…å®¹æå–å°½å¯èƒ½çš„è¾“å…¥åˆ°å¼•ç”¨ï¼Œå¯¹äºä¸€ä¸ªè½¯ä»¶é¡¹ç›®è€Œè¨€ï¼Œæœ€é‡è¦çš„æ˜¯è®¾è®¡æ€è·¯çš„è¿­ä»£å’Œæ•´ä½“å·¥ç¨‹çš„ç†è§£ï¼Œå¸®æˆ‘æå–ä¼šè¯ä¸­çš„ä¿¡æ¯ï¼›å¦å¤–è¿˜åº”è¯¥æœ‰å…¨å±€çš„å…³äºå·¥ç¨‹çš„ç†è§£æ‰æ˜¯ï¼Œä½œä¸ºå…¨å±€å¼•ç”¨ï¼Œæ‰€ä»¥ä¸¤ä¸ªéƒ¨åˆ†çš„å¼•ç”¨è¦åˆå¹¶ï¼Œå¹¶ä¸”è¦åšåˆ°èƒ½æº¯æº","å…¶ä¸­â€œå¸®æˆ‘çœ‹ä¸‹25å¹´ï¼Œä¸€ä¸‹è¡Œä¸šçš„ä¸»è¦å®¢æˆ·â€è¿™ä¸ªä¸å±äºè¿™ä¸ªé¡¹ç›®ï¼Œä½ ä¹Ÿåˆ—å‡ºæ¥äº†ï¼Œå¦å¤–ä½ å¯¹Global å’ŒProjectçš„æ ‡ç­¾æ˜¯ä¸æ˜¯æœ‰è¯¯è§£ï¼Œæˆ‘æŒ‡çš„Globalæ˜¯æ¯æ¬¡æˆ‘new chatéƒ½è¦åŠ è½½çš„ä¸ç®¡å“ªä¸ªprojectï¼Œè€ŒProjectæ˜¯æŒ‡é’ˆå¯¹é¡¹ç›®çš„"
cursor-chat-memory,a079be78-466e-4b3f-98f2-faf7aad71266,"2025-06-10 11:02:26","å»ºè®®å†åŠ ä¸Šæç¤ºè¯ä¸­å¿ƒæ¨¡å—ï¼Œä¸€ä¸ªå­˜å…¨å±€çš„æç¤ºè¯ï¼Œå…³äºæ•´ä½“è½¯ä»¶å·¥ç¨‹çš„ç†è§£çš„ï¼›å¦å¤–ä¸€ä¸ªæ˜¯è¿­ä»£çš„å†å²å¯¹è¯å’Œä»£ç æ¼”è¿›çš„æ ¸å¿ƒå†…å®¹ï¼Œä½œä¸ºé¡¹ç›®è¿­ä»£çš„æ€è·¯çš„æç¤ºè¯ï¼›ç„¶åå¯ä»¥ä½œä¸ºå¼•ç”¨å†…å®¹è¢«æ–°çš„chatå¼•ç”¨",chatMemoryService.ts
cursor-chat-memory,a079be78-466e-4b3f-98f2-faf7aad71266,"2025-06-10 11:02:44","å¸®æˆ‘æµ‹è¯•ä¸€ä¸‹å§",script.js
cursor-chat-memory,a079be78-466e-4b3f-98f2-faf7aad71266,"2025-06-10 11:03:07","æ’ä»¶æ˜¯å¦ä¹Ÿå¯ä»¥æ­£å¸¸ä½¿ç”¨",extension.ts
cursor-chat-memory,a079be78-466e-4b3f-98f2-faf7aad71266,"2025-06-10 11:03:26","å¥½çš„ï¼è®©æˆ‘ä»¬æ¥å…¨é¢æµ‹è¯•åˆšåˆšå®ç°çš„æç¤ºè¯ä¸­å¿ƒæ¨¡å—åŠŸèƒ½ã€‚ è¿™ä¸ªå’Œæ’ä»¶ä¸€èµ·æµ‹è¯•",extension.ts
cursor-chat-memory,a079be78-466e-4b3f-98f2-faf7aad71266,"2025-06-10 11:04:42","éœ€è¦æˆ‘è¾“å…¥å¯†ç ä¹ˆ",test_classification.js
cursor-chat-memory,a079be78-466e-4b3f-98f2-faf7aad71266,"2025-06-10 11:05:54","å¸®æˆ‘ç”Ÿæˆä¸€ä¸ªæç¤ºè¯ä¸­å¿ƒå’Œå†å²ä¼šè¯è®°å½•çš„ç®¡ç†ç•Œé¢","å¸®æˆ‘çœ‹ä¸‹25å¹´ï¼Œä¸€ä¸‹è¡Œä¸šçš„ä¸»è¦å®¢æˆ·æœ‰å“ªäº›ï¼Œæ‰‹æœºã€å®¶ç”µã€æ±½è½¦  è¿™ä¸ªå¯¹è¯å†…å®¹æ¥è‡ªäºBIé¡¹ç›®ï¼Œä½ æé”™äº†"
cursor-chat-memory,a079be78-466e-4b3f-98f2-faf7aad71266,"2025-06-10 11:06:38","æˆ‘æ–°å»ºä¸€ä¸ªchatï¼Œç„¶åå…³é—­cursorï¼Œé‚£ä¹ˆå†å²ä¼šè¯åº”è¯¥åœ¨webé¡µé¢é‡Œå­˜åœ¨ï¼Ÿ",sqliteChatReader.ts
cursor-chat-memory,a079be78-466e-4b3f-98f2-faf7aad71266,"2025-06-10 11:12:31","å¦‚ä½•ä¼˜åŒ–ç½‘ç«™æ€§èƒ½ï¼Ÿ","é‚£ä½ æµ‹è¯•ä¸€ä¸‹åœ¨Biçš„é¡¹ç›®ä¸‹èƒ½çœ‹åˆ°BIçš„ä¹ˆ"
cursor-chat-memory,a079be78-466e-4b3f-98f2-faf7aad71266,"2025-06-10 11:14:00","å†…å®¹éƒ½ä¸å¯¹ï¼Œä¸€ä¸ªèŠå¤©æ–‡ä»¶ä¸å¯¹ï¼ŒäºŒä¸ªæç¤ºè¯ä¸­å¿ƒæ˜¾ç¤ºçš„ä¸æ˜¯å¯¹é¡¹ç›®å·¥ç¨‹çš„ç†è§£ç»†èŠ‚å’Œé¡¹ç›®è¿­ä»£çš„ç»†èŠ‚",chatMemoryService.ts
cursor-chat-memory,a079be78-466e-4b3f-98f2-faf7aad71266,"2025-06-10 11:14:54","å†…å®¹éƒ½ä¸å¯¹ï¼Œä¸€ä¸ªèŠå¤©æ–‡ä»¶ä¸å¯¹ï¼Œæˆ‘æ–°å¼€çš„chatå¦‚ä½•ä¼˜åŒ–ç½‘ç«™æ€§èƒ½ï¼Œæ²¡æœ‰ï¼ŒäºŒä¸ªæç¤ºè¯ä¸­å¿ƒæ˜¾ç¤ºçš„ä¸æ˜¯å¯¹é¡¹ç›®å·¥ç¨‹çš„ç†è§£ç»†èŠ‚å’Œé¡¹ç›®è¿­ä»£çš„ç»†èŠ‚",sqliteChatReader.ts
cursor-chat-memory,a079be78-466e-4b3f-98f2-faf7aad71266,"2025-06-10 11:15:16","æˆ‘é‡æ–°çœ‹ä¸‹webç•Œé¢",sqliteChatReader.ts
cursor-chat-memory,a079be78-466e-4b3f-98f2-faf7aad71266,"2025-06-10 11:15:30","ä¸€ä¸ªå†å²ä¼šè¯è¿˜æ˜¯ä¸å¯¹",sqliteChatReader.ts
cursor-chat-memory,a079be78-466e-4b3f-98f2-faf7aad71266,"2025-06-10 11:15:56","è¿˜æœ‰cursorçš„chatæ–‡ä»¶ä¸ºä»€ä¹ˆä¸åœ¨é¡¹ç›®æ–‡ä»¶ç›®å½•ä¸‹ï¼Œè€Œåœ¨ç”¨æˆ·ç›®å½•ä¸‹å‘¢",sqliteChatReader.ts
cursor-chat-memory,a079be78-466e-4b3f-98f2-faf7aad71266,"2025-06-10 11:34:36","é—®é¢˜æ˜¯ï¼Œè¿™ä¸ªå¯¹è¯çš„å†…å®¹ä¹Ÿæ²¡æœ‰æ˜¾ç¤ºå‡ºæ¥å•Š","é‚£ä½ å¸®æˆ‘æŠŠä»Šå¤©çš„ä¼šè¯ä¹ŸåŠ è½½è¿›å»åˆ°å†å²é¡µé¢"
cursor-chat-memory,a079be78-466e-4b3f-98f2-faf7aad71266,"2025-06-10 11:35:14","å¸®æˆ‘æäº¤ä»£ç ",chatMemoryService.ts
cursor-chat-memory,a079be78-466e-4b3f-98f2-faf7aad71266,"2025-06-10 11:35:29","å¸®æˆ‘å¯åŠ¨ä¸€ä¸‹ï¼Œæˆ‘çœ‹3000 å’Œ3001éƒ½æœ‰webç•Œé¢",sqliteChatReader.ts
cursor-chat-memory,a079be78-466e-4b3f-98f2-faf7aad71266,"2025-06-10 11:37:14","æç¤ºè¯ç®¡ç† - 44ä¸ªæç¤ºè¯æ¨¡æ¿å·²åŠ è½½ æˆ‘ä¸æ˜¯è¦æç¤ºè¯æ¨¡ç‰ˆå•Šï¼Œæˆ‘è¦çš„æ˜¯åŸºäºè¿™ä¸ªé¡¹ç›®çš„ç³»ç»Ÿå·¥ç¨‹çš„å…³é”®ä¿¡æ¯ç”¨äºæ–°chatå¼•ç”¨çš„ï¼Œå¦å¤–å°±æ˜¯ä»å†å²ä¼šè¯é‡Œæå–åˆ°çš„è¿­ä»£çš„ä¿¡æ¯ï¼Œä½ æ˜¯ä¸æ˜¯æé”™äº†","ä¸æ˜¯åŠ è½½BIçš„é¡¹ç›®ï¼Œè€Œæ˜¯å½“å‰è¿™ä¸ªcursor chat memoryçš„"
cursor-chat-memory,a079be78-466e-4b3f-98f2-faf7aad71266,"2025-06-10 11:39:56","é‚£ä¹ˆæ­£ç¡®çš„å·¥ç¨‹æç¤ºè¯å’Œè¿­ä»£æç¤ºè¯æ˜¯ä»€ä¹ˆï¼Ÿ","å¸®æˆ‘åˆ†æä¸€ä¸‹ï¼Œå½“å‰çš„ä¼šè¯åœ¨newä¸€ä¸ªchatä¹‹åä¼šcursoræ€ä¹ˆå¤„ç†ï¼Œå­˜åˆ°å“ªé‡Œ"
cursor-chat-memory,a079be78-466e-4b3f-98f2-faf7aad71266,"2025-06-10 11:47:18","åŸºäºæœ¬ä¼šè¯å†…å®¹ï¼Œé‚£ä¹ˆæ­£ç¡®çš„å·¥ç¨‹æç¤ºè¯å’Œè¿­ä»£æç¤ºè¯æ˜¯ä»€ä¹ˆï¼Ÿ","é‚£å½“å‰çš„ä¼šè¯å‘¢ï¼Œæ˜¯åœ¨ç¼“å­˜é‡Œä¹ˆ"
cursor-chat-memory,a079be78-466e-4b3f-98f2-faf7aad71266,"2025-06-10 11:56:41","å¥½çš„ï¼Œé‚£ä¹ˆåŸºäºå†å²çš„ä¹Ÿè¯·å¸®æˆ‘è¿™ä¹ˆåˆ†æï¼Œè¯·å¸®æˆ‘å°†å½“å‰ä¼šè¯å½’æ¡£ï¼Œå¹¶æµ‹è¯•åŠŸèƒ½","å®æ—¶æ›´æ–°ï¼š æ¯å½“æœ‰æ–°çš„æ¶ˆæ¯ï¼ˆç‰¹åˆ«æ˜¯ assistant å›å¤ï¼‰æ—¶ï¼Œä¼šè¯ä¼šè¢«ï¼š é‡æ–°å¤„ç† æ›´æ–°ç¼“å­˜ ä¿å­˜åˆ°æœ¬åœ°æ–‡ä»¶ å‘å‡ºæ›´æ–°äº‹ä»¶  ä½ çš„æ„æ€ä¹Ÿä¼šä¿å­˜åˆ°æœ¬åœ°æ–‡ä»¶ï¼Œç°åœ¨å¯ä»¥çœ‹åˆ°æœ¬åœ°æ–‡ä»¶å’Œå†…å®¹ä¹ˆ"
cursor-chat-memory,a079be78-466e-4b3f-98f2-faf7aad71266,"2025-06-10 11:57:46","ä½ åœ¨å“ªä¸ªç«¯å£å¯åŠ¨çš„web","ä½ æ‰¾ä¸€ä¸‹æˆ‘è·Ÿä½ èŠå¤©çš„å†…å®¹åœ¨æœ¬åœ°æ–‡ä»¶æœ‰æ²¡æœ‰"
cursor-chat-memory,a079be78-466e-4b3f-98f2-faf7aad71266,"2025-06-10 12:00:52","æˆ‘çœ‹3000çš„æ²¡æœ‰å˜åŒ–ï¼Œå¸®æˆ‘ä¿ç•™ä¸€ä¸ªå³å¯ï¼Œ3000çš„ï¼Œå¦å¤–æˆ‘çœ‹æœ¬ä¼šè¯ä½ æ€»ç»“çš„æç¤ºè¯ï¼Œæ²¡æœ‰çœ‹åˆ°","CursorèŠå¤©å­˜å‚¨çš„ä¸€ä¸ªé‡è¦ç‰¹ç‚¹ï¼šä¼šè¯å¯èƒ½ä¸æ˜¯æ¯æ¡æ¶ˆæ¯éƒ½ç«‹å³ä¿å­˜ï¼Œè€Œæ˜¯åœ¨æŸäº›æ¡ä»¶ä¸‹ï¼ˆå¦‚ä¼šè¯æš‚åœã€è¾¾åˆ°ä¸€å®šé•¿åº¦ã€ç”¨æˆ·åˆ‡æ¢ç­‰ï¼‰æ‰è¿›è¡Œæ‰¹é‡ä¿å­˜ã€‚  ä½ å¸®æˆ‘äº†è§£ä¸€ä¸‹Cursoræ˜¯æ€ä¹ˆå¤„ç†çš„"
cursor-chat-memory,a079be78-466e-4b3f-98f2-faf7aad71266,"2025-06-10 13:48:24","ä¸¤ä¸ªé—®é¢˜ï¼Œä¸€ä¸ªå†å²ä¼šè¯åªæœ‰æ ‡é¢˜æ²¡æœ‰å†…å®¹ï¼ŒäºŒä¸ªæç¤ºè¯ä¸­å¿ƒæœ‰å¤§é‡æ— ç”¨ä¿¡æ¯ï¼Œä¹‹å‰çš„æ¨¡ç‰ˆä¿¡æ¯ï¼Œæˆ‘åªè¦ä½ æå–çš„å·¥ç¨‹å’Œè¿­ä»£ä¿¡æ¯å„ä¸€æ¡æ•°æ®ï¼Œå¯ä»¥å¤šå†…å®¹","è‡ªåŠ¨ä¿å­˜é—´éš” - Cursorå¯èƒ½æœ‰å›ºå®šçš„ä¿å­˜é—´éš”ï¼ˆå¦‚æ¯5-10åˆ†é’Ÿï¼‰  å¸®æˆ‘çœ‹çœ‹è¿™ä¸ªé—´éš”æ˜¯ï¼Ÿå¦‚æœæ²¡æœ‰å¸®æˆ‘è®¾ç½®10åˆ†é’Ÿä¸€æ¬¡ä¿å­˜"
cursor-chat-memory,a079be78-466e-4b3f-98f2-faf7aad71266,"2025-06-10 13:51:38","3000ç«¯å£çš„ï¼Œæç¤ºè¯ä¸­å¿ƒè¿˜æ˜¯ä¹‹å‰çš„æ ·å­",settings.json
cursor-chat-memory,a079be78-466e-4b3f-98f2-faf7aad71266,"2025-06-10 13:52:08","æç¤ºè¯ä¸­å¿ƒæ ‡é¢˜2.3.0ä¹‹å‰çš„åŸºæœ¬éƒ½æ˜¯å’Œé¡¹ç›®æ— å…³çš„æ— æ•ˆä¿¡æ¯ï¼Œè€Œä¸”æœ‰é‡å¤çš„",auto-save-manager.js
cursor-chat-memory,a079be78-466e-4b3f-98f2-faf7aad71266,"2025-06-10 13:52:36","æç¤ºè¯ä¸­å¿ƒçš„æ˜¾ç¤ºä¸æ˜¯å¾ˆå¥½ï¼Œè®°å½•æ˜ç»†çœ‹èµ·æ¥ä¸å‹å¥½ï¼Œå¾ˆå¤šå†…å®¹åœ¨ä¸€ä¸ªå°çš„çª—å£",configure-autosave.sh
cursor-chat-memory,a079be78-466e-4b3f-98f2-faf7aad71266,"2025-06-10 13:57:44","è¿˜æ˜¯å¾ˆç´§å‡‘ï¼Œä¸è¡Œä½ ç”¨ä¸€ä¸ªäºŒçº§é¡µé¢ä¹Ÿè¡Œï¼›æˆ–è€…åœ¨ä¸€ä¸ªé¡µé¢æŠ½å±‰å¼çš„è®¾è®¡å¯ä»¥å¹³é“ºæ•´ä¸ªé¡µé¢çš„","é‚£ä¹ˆç°åœ¨ä½ å¸®æˆ‘çœ‹çœ‹å½“å‰ä¼šè¯ä¿å­˜åœ¨å“ªé‡Œäº†"
cursor-chat-memory,a079be78-466e-4b3f-98f2-faf7aad71266,"2025-06-10 14:01:46","é€‰æ‹©æç¤ºè¯ä»¥æŸ¥çœ‹è¯¦ç»†ä¿¡æ¯è¿™ä¸ªçª—å£å°±ä¸éœ€è¦äº†ï¼Œå‰é¢çš„æ ‡é¢˜éƒ¨åˆ†å¯ä»¥æ‹‰é•¿ï¼Œå¹¶æŠŠæ‘˜è¦ä¹Ÿå†™ä¸Š","å‘Šè¯‰æˆ‘å¦‚ä½•è®¿é—®/Users/jay/Library/Application Support/Cursor/User/workspaceStorage/e76c6a8343ed4d7d7b8f77651bad3214/state.vscdb"
cursor-chat-memory,a079be78-466e-4b3f-98f2-faf7aad71266,"2025-06-10 14:02:39","å†å²ä¼šè¯ä¹ŸåŒæ ·çš„å¤„ç†æ ·å¼å’Œå†…å®¹",cursor-db-explorer.sh
cursor-chat-memory,a079be78-466e-4b3f-98f2-faf7aad71266,"2025-06-10 14:03:39","å†å²ä¼šè¯æä¾›åˆ é™¤åŠŸèƒ½",cursor-database-access-guide.md
cursor-chat-memory,a079be78-466e-4b3f-98f2-faf7aad71266,"2025-06-10 14:04:29","æˆ‘çœ‹åˆ°å½“å‰é¡¹ç›®æœ‰äº›å†å²ä¼šè¯æ²¡æœ‰åŠ è½½åˆ°é¡µé¢ï¼Œæ¯”å¦‚3hå‰çš„ï¼Œå’Œ5åˆ†é’Ÿå‰çš„","æˆ‘ç”¨dbeaveråº”è¯¥å¦‚ä½•é…ç½®è¿æ¥"
cursor-chat-memory,a079be78-466e-4b3f-98f2-faf7aad71266,"2025-06-10 14:05:22","ç½‘é¡µçš„å†…å®¹é‚£ä¹ˆæˆ‘è¦å¦‚ä½•å’Œæ’ä»¶é›†æˆå‘¢","æˆ‘ç”¨dbeaveråº”è¯¥å¦‚ä½•é…ç½®è¿æ¥ï¼Œæˆ‘æ˜¯å®¢æˆ·ç«¯å·¥å…·"
cursor-chat-memory,a079be78-466e-4b3f-98f2-faf7aad71266,"2025-06-10 14:06:27","æœ‰ä¸ªé—®é¢˜ï¼Œå¼•ç”¨çš„å†…å®¹ï¼Œæ²¡æœ‰åŠ ä¸Šé¡¹ç›®çš„æ ‡ç­¾æˆ–è€…å…¨å±€å¼•ç”¨çš„æ ‡ç­¾ï¼Œæ— è®ºæ˜¯webçš„è¿˜æ˜¯æ’ä»¶çš„å†…å®¹å¼•ç”¨ï¼Œéƒ½éœ€è¦ç²¾ç¡®å®šä½",dbeaver-cursor-connection-guide.md
cursor-chat-memory,a079be78-466e-4b3f-98f2-faf7aad71266,"2025-06-10 14:07:29","å¸®æˆ‘å½’æ¡£ä»Šå¤©çš„èŠå¤©å†…å®¹å‘¢ï¼Œæˆ‘è¦çœ‹çœ‹ä¸‰ä¸ªåœ°æ–¹ï¼Œä¸€ä¸ªæ˜¯å†å²ä¼šè¯æœ‰æ²¡æœ‰å­˜ï¼ŒäºŒä¸ªæ˜¯æç¤ºè¯ä¸­å¿ƒæœ‰æ²¡æœ‰æç‚¼ï¼Œä¸‰ä¸ªæ˜¯vscodeæ’ä»¶å¼•ç”¨æ˜¯å¦æœ‰æ ‡ç­¾æç¤º",install-dbeaver.sh
cursor-chat-memory,a079be78-466e-4b3f-98f2-faf7aad71266,"2025-06-10 14:11:35","å¸®æˆ‘æ¸…é™¤ä¸é¡¹ç›®æ— å…³çš„å†å²ä¼šè¯ï¼Œå¦å¤–æˆ‘æ²¡æœ‰çœ‹åˆ°ä»Šå¤©çš„ä¼šè¯åœ¨å†å²é¡µé¢","ä½¿ç”¨sqlæŸ¥è¯¢æŸ¥èŠå¤©ä¿¡æ¯çš„ç¤ºä¾‹"
cursor-chat-memory,a079be78-466e-4b3f-98f2-faf7aad71266,"2025-06-10 14:12:46","ğŸ’¡ **æœ€è¿‘ä¼šè¯** (6ä¸ªä¼šè¯) | ğŸŒ å…¨å±€è®°å¿† ğŸ“ æ¥æº: /Users/jay/.cursor/chat  **1. å®ç°cursor-chat-memoryæç¤ºè¯ä¸­å¿ƒæ¨¡å—** [æ€§èƒ½ä¼˜åŒ–] ğŸŒ GLOBAL ğŸ†” ID: cursor-chat-memory-v2.3.0-development | â­ é‡è¦æ€§: 93% ğŸ·ï¸  æ ‡ç­¾: #æ€§èƒ½ä¼˜åŒ– ğŸ“ æ‘˜è¦: 1. é¡¹ç›®ç‰¹å®šçš„ç³»ç»Ÿå·¥ç¨‹å…³é”®ä¿¡æ¯  ä»è¿™ä¸ªCursor Chat Memoryé¡¹ç›®çš„å¼€å‘è¿‡ç¨‹ä¸­æå–çš„å®é™…å·¥ç¨‹å®è·µ | 2. å†å²ä¼šè¯è¿­ä»£ä¿¡æ¯  ä»å¯¹è¯è®°å½•ä¸­è‡ªåŠ¨æå–çš„é¡¹ç›®æ¼”è¿›ã€æŠ€æœ¯å†³ç­–ã€è§£å†³æ–¹æ¡ˆ | 1. åœæ­¢åˆ›å»ºé€šç”¨æ¨¡æ¿ï¼Œæ”¹ä¸ºä»çœŸå®é¡¹ç›®å¯¹è¯ä¸­æå–ä¿¡æ¯ ğŸ• æ—¶é—´: 2025/6/9 13:50:08  **2. I'm struggling with TypeScript...** [å…¶ä»–] ğŸŒ GLOBAL ğŸ†” ID: sample_chat_003 | â­ é‡è¦æ€§: 90% ğŸ·ï¸  æ ‡ç­¾: #å…¶ä»– #æ•™ç¨‹ ğŸ“ æ‘˜è¦: Great question! Here's how to extract function parameter types from a union of functions:  ```typesc... ğŸ• æ—¶é—´: 2025/6/8 20:46:38  **3. My React app is loading slowly...** [æ•°æ®åº“] ğŸŒ GLOBAL ğŸ†” ID: sample_chat_004 | â­ é‡è¦æ€§: 90% ğŸ·ï¸  æ ‡ç­¾: #æ•°æ®åº“ #ä¼˜åŒ– ğŸ“ æ‘˜è¦: Runtime Performance Optimization | 1. Memoization | 2. Virtual Scrolling for Large Lists ğŸ• æ—¶é—´: 2025/6/8 20:46:38  **4. Our PostgreSQL queries are run...** [æ•°æ®åº“] ğŸŒ GLOBAL ğŸ†” ID: sample_chat_005 | â­ é‡è¦æ€§: 90% ğŸ·ï¸  æ ‡ç­¾: #æ•°æ®åº“ ğŸ“ æ‘˜è¦: Query Optimization Techniques | 1. Avoid N+1 Queries | 2. Use EXISTS instead of IN for large subqueries ğŸ• æ—¶é—´: 2025/6/8 20:46:38  **5. I'm getting an error 'Cannot r...** [å…¶ä»–] ğŸŒ GLOBAL ğŸ†” ID: sample_chat_002 | â­ é‡è¦æ€§: 84% ğŸ·ï¸  æ ‡ç­¾: #å…¶ä»– ğŸ“ æ‘˜è¦: 1. Add proper dependencies: | 2. Use useCallback for functions: ğŸ• æ—¶é—´: 2025/6/8 20:46:38  **6. How do I filter an array in Ja...** [æ•°æ®åº“] ğŸŒ GLOBAL ğŸ†” ID: sample_chat_001 | â­ é‡è¦æ€§: 81% ğŸ·ï¸  æ ‡ç­¾: #æ•°æ®åº“ ğŸ“ æ‘˜è¦: Filter first if you want to reduce the array size early | Map first if the transformation affects your filtering condition ğŸ• æ—¶é—´: 2025/6/8 20:46:38  --- ğŸ“Š å¼•ç”¨ç»Ÿè®¡: ~1075 tokens | 6/6ä¸ªä¼šè¯ ğŸ•’ ç”Ÿæˆæ—¶é—´: 2025/6/9 13:50:11 ğŸ”– å¼•ç”¨æ ‡è¯†: [ğŸŒ å…¨å±€è®°å¿†] æœ€è¿‘ä¼šè¯  å¿«é€Ÿé¡¹ç›®å¼•ç”¨è¿˜æœ‰ä¸ç›¸å¹²çš„å†…å®¹ï¼Œæ¯”å¦‚sampleå¼€å¤´çš„",cursor-chat-sql-queries.md
cursor-chat-memory,a079be78-466e-4b3f-98f2-faf7aad71266,"2025-06-10 14:14:11","è¿™æ˜¯ä¸ªé‡è¦çš„æäº¤ï¼Œå¸®æˆ‘æäº¤ä»£ç ï¼Œå¹¶æ³¨æ˜æäº¤å†…å®¹",run-cursor-queries.sh
cursor-chat-memory,a079be78-466e-4b3f-98f2-faf7aad71266,"2025-06-10 14:18:46","æˆ‘æ€ä¹ˆæµ‹è¯•æ’ä»¶åŠ è½½","æˆ‘çœ‹åˆ°Keyæ˜¯è¿™ä¸ªaiService.generations aiService.prompts workbench.panel.composerChatViewPane.a079be78-466e-4b3f-98f2-faf7aad71266 workbench.panel.viewContainersWorkspaceState workbench.panel.composerChatViewPane.f41bf6be-620a-47b0-8d83-0878ed2da9df workbench.auxiliarybar.viewContainersWorkspaceState workbench.auxiliarybar.initialViewContainers ~remote.forwardedPortsContainer chat.editing.autosaveDisabled workbench.panel.aichat.a079be78-466e-4b3f-98f2-faf7aad71266.numberOfVisibleViews æˆ‘æ€ä¹ˆåŒºåˆ†é¡¹ç›®"
cursor-chat-memory,a079be78-466e-4b3f-98f2-faf7aad71266,"2025-06-10 14:19:55","æˆ‘æŒ‡çš„æ˜¯vscodeçš„æ’ä»¶æ¨¡å¼",analyze-cursor-projects.sh
cursor-chat-memory,a079be78-466e-4b3f-98f2-faf7aad71266,"2025-06-10 14:21:01","ç­‰ä¼šï¼Œä¸ºå•¥è¿˜è¦åˆ›å»ºï¼Œæˆ‘è¿™ä¸ªCursorçš„IDEæ’ä»¶ä¸å°±æ˜¯vscodeçš„æ¨¡å¼ä¹ˆ",cursor-project-distinction-guide.md
cursor-chat-memory,a079be78-466e-4b3f-98f2-faf7aad71266,"2025-06-10 14:35:03","å‘½ä»¤é¢æ¿æµ‹è¯• (Cmd+Shift+P) æœç´¢ """"Cursor Memory"""" åº”è¯¥çœ‹åˆ°è¿™äº›å‘½ä»¤ï¼š ğŸ§  å¢å¼ºè¾“å…¥ âš¡ å¿«é€Ÿå¼•ç”¨ä¸Šä¸‹æ–‡ ğŸ“Š æ˜¾ç¤ºçŠ¶æ€é¢æ¿ ğŸ”„ é‡å¯è®°å¿†æœåŠ¡ ğŸ” å¼•ç”¨è§£å†³æ–¹æ¡ˆ  è¿™é‡Œæœ‰ä¸ªé—®é¢˜ï¼Œä½ è®©æˆ‘æ€ä¹ˆå¿«é€Ÿå¼•ç”¨ä¸Šä¸‹æ–‡ï¼ŸåŸºäºé¡¹ç›®çš„å¿«é€Ÿå¼•ç”¨èƒ½åšåˆ°ä¹ˆï¼Œå¹¶ä¸”æ˜¯æœ‰å…¨å±€çš„å’Œè¿­ä»£çš„å¼•ç”¨","memento/workbench.parts.editor aiService.generations aiService.prompts memento/workbench.editors.files.textFileEditor history.entries __$__targetStorageMarker workbench.view.extensions.state terminal.integrated.environmentVariableCollectionsV2 codelens/cache2 composer.composerData workbench.panel.composerChatViewPane.a079be78-466e-4b3f-98f2-faf7aad71266 src.vs.platform.reactivestorage.browser.reactiveStorageServiceImpl.persistentStorage.workspaceUser workbench.explorer.treeViewState workbench.view.debug.state anysphere.cursor-retrieval workbench.backgroundComposer.workspacePersistentData workbench.explorer.views.state workbench.panel.viewContainersWorkspaceState workbench.zenMode.exitInfo workbench.scm.views.state memento/workbench.panel.markers terminal.integrated.layoutInfo scm:view:visibleRepositories workbench.panel.composerChatViewPane.f41bf6be-620a-47b0-8d83-0878ed2da9df  å¸®æˆ‘çœ‹çœ‹è¿™äº›åœ¨èŠå¤©è®°å½•çš„æ•°æ®åº“çš„keyæ˜¯ä»€ä¹ˆæ„æ€ï¼Œæ„æˆè§„åˆ™æ˜¯ä»€ä¹ˆï¼Œæœ€é‡è¦çš„æ˜¯è¦æ‰¾åˆ°é¡¹ç›®ã€ä¼šè¯ã€å†…å®¹"
cursor-chat-memory,a079be78-466e-4b3f-98f2-faf7aad71266,"2025-06-10 14:35:53","å‘ç°ä¸ªé—®é¢˜ï¼Œå†å²ä¼šè¯çš„å†…å®¹æ²¡æœ‰æç‚¼æ€»ç»“ï¼Œå¹¶ä¸”cursor chat memoryè¿™ä¸ªé¡¹ç›®çš„æç¤ºè¯ä¸­å¿ƒé‡Œæœ‰3æ¡è®°å½•ä¹Ÿæ²¡æœ‰æ•´åˆï¼Œä½ æ˜¯è¦è°ƒç”¨å¤§æ¨¡å‹çš„è¯­ä¹‰ç†è§£æ‰èƒ½åšåˆ°æ™ºèƒ½æç‚¼ä¹ˆï¼Œå¦‚æœæ˜¯ï¼Œæˆ‘ç»™ä½ azure openAIçš„key",cursor-key-analysis.md
cursor-chat-memory,a079be78-466e-4b3f-98f2-faf7aad71266,"2025-06-10 14:36:39","@https://bondex.openai.azure.com/openai/deployments/global-gpt-4o/chat/completions?api-version=2025-01-01-preview  45288eb7fea64b628abb290a9505a709 ",key-specific-queries.sql
cursor-chat-memory,a079be78-466e-4b3f-98f2-faf7aad71266,"2025-06-10 15:05:08","ä½ ç¡®å®šä½¿ç”¨äº†é›†æˆMongoDBä½œä¸ºä¸»è¦æ•°æ®åº“ä¹ˆï¼Ÿè¿˜æœ‰redisï¼Œæ˜¯ä¸æ˜¯demoçš„æ•°æ®å•Š","è¿™é‡Œæœ‰ä¸ªé—®é¢˜ï¼Œç”¨æˆ·æç¤ºè¯å’ŒAIå›å¤æ˜¯åˆ†å¼€çš„ï¼Œä½ æ€ä¹ˆçŸ¥é“å“ªä¸ªé—®å¯¹åº”å“ªä¸ªç­”"
cursor-chat-memory,a079be78-466e-4b3f-98f2-faf7aad71266,"2025-06-10 15:06:05","ä½ è¯•è¯•ç”¨ä½ è‡ªå·±çš„claude-4-sonnetåˆ†æå‘¢ï¼Œæˆ‘æ„Ÿè§‰æ¯”openAIçš„å¥½",cursor-data-correlation.md
cursor-chat-memory,a079be78-466e-4b3f-98f2-faf7aad71266,"2025-06-10 15:06:58","æˆ‘ç°åœ¨Chatçš„å°±æ˜¯ç”¨çš„Claude 4 sonnetå•Š","æœ‰æ²¡æœ‰å¯èƒ½åœ¨è½åº“å‰æ‰¾åˆ°è¿™äº›å…³ç³»å’Œå†…å®¹"
cursor-chat-memory,a079be78-466e-4b3f-98f2-faf7aad71266,"2025-06-10 15:07:50","æ‰€ä»¥ä½ ä¹Ÿæ˜¯å¯ä»¥æ™ºèƒ½æç‚¼å†å²ä¼šè¯çš„å†…å®¹çš„å¯¹ä¹ˆ",cursor-data-sources.md
cursor-chat-memory,a079be78-466e-4b3f-98f2-faf7aad71266,"2025-06-10 15:08:25","æ‰€ä»¥å¸®æˆ‘é‡æ„å‰é¢çš„start_web.shçš„å†…å®¹ï¼Œä¿ç•™åŸå§‹ä¼šè¯å’Œä¹‹åçš„å…¨å±€æç‚¼ï¼Œä½ æåˆ°çš„é¡¹ç›®çŸ¥è¯†å›¾è°±",scan-cursor-data.sh
cursor-chat-memory,a079be78-466e-4b3f-98f2-faf7aad71266,"2025-06-10 15:08:59","æ™ºèƒ½åˆ†æé¡µé¢çš„æŒ‰é’®éƒ½æ— æ³•ç‚¹å‡»ï¼Œè€Œä¸”ï¼Œæˆ‘æ˜¯åŸºäºé¡¹ç›®çš„ï¼Œä½ è¦å¸®æˆ‘ç”Ÿæˆä¸€ä¸ªå…³äºé¡¹ç›®çš„è¿‡æ»¤æ¡ä»¶ï¼Œå¦å¤–æ˜¯åŸºäºé¡¹ç›®çš„çŸ¥è¯†å›¾è°±ï¼Œé¦–æ¬¡ä½¿ç”¨: å…ˆè¿›è¡Œ""""æ™ºèƒ½æ•´åˆ""""ä¼˜åŒ–ç°æœ‰æç¤ºè¯ å®šæœŸæ‰§è¡Œ: """"æ‰¹é‡æç‚¼""""æ–°å¢ä¼šè¯å†…å®¹ é¡¹ç›®æ€»ç»“: """"ç”ŸæˆçŸ¥è¯†å›¾è°±""""è·å¾—é¡¹ç›®å…¨è²Œ",monitor-cursor-changes.sh
cursor-chat-memory,a079be78-466e-4b3f-98f2-faf7aad71266,"2025-06-10 15:54:22","å¸®æˆ‘æäº¤ä»£ç ","ä½ å¸®æˆ‘è¯•è¯•"
cursor-chat-memory,a079be78-466e-4b3f-98f2-faf7aad71266,"2025-06-10 15:56:42","é—®é¢˜ä¸€ã€é¡¹ç›®ä¸å¯é€‰  é—®é¢˜äºŒç»Ÿè®¡åˆ†æé‡Œåªæœ‰ä¸€ä¸ªä¼šè¯ä¸å¯¹ï¼Œè¿™ä¸ªé¡¹ç›®æˆ‘è¿™ä¸ªä¼šè¯ä¹‹å‰è¿˜æœ‰ä¸¤ä¸ªä¼šè¯","å¥½"
cursor-chat-memory,a079be78-466e-4b3f-98f2-faf7aad71266,"2025-06-10 15:57:49","ä½ çœ‹æˆ‘å½“å‰çª—å£çš„show chat historyï¼Œå’Œä½ ç»™å‡ºæ¥çš„å†å²ä¼šè¯å¯¹ä¸ä¸Š",correlate-qa-pairs.sql
cursor-chat-memory,a079be78-466e-4b3f-98f2-faf7aad71266,"2025-06-10 15:58:22","æµ‹è¯•å§",test-qa-correlation.sql
cursor-chat-memory,a079be78-466e-4b3f-98f2-faf7aad71266,"2025-06-10 15:59:08","ä¸å¯¹ï¼Œä¸ºä»€ä¹ˆè¿˜æ˜¯åªæœ‰ä¸¤ä¸ªå†å²ä¼šè¯ï¼Œæˆ‘çœ‹show chat historyï¼Œè¿™é‡Œå¯ä»¥çœ‹åˆ°3ä¸ªï¼Œä¸€ä¸ªæ˜¯æ˜¨å¤©çš„ï¼šâ€æ‹‰å–æœ€æ–°æäº¤çš„ä»£ç â€œ å¼€å¤´çš„ä¼šè¯ï¼Œä»Šå¤©æœ‰ä¸¤ä¸ªï¼Œâ€œGenerating a name for the chat""""  """"Extracting Key insights from recent conversations""""",extract-cursor-chats.sh
cursor-chat-memory,a079be78-466e-4b3f-98f2-faf7aad71266,"2025-06-10 16:00:11","å¯ä»¥çœ‹ä¸‹cursorçš„é…ç½®æ–‡ä»¶ä¹ˆï¼ŒèŠå¤©æ–‡ä»¶çš„å­˜å‚¨åœ°å€",README-qa-correlation.md
cursor-chat-memory,a079be78-466e-4b3f-98f2-faf7aad71266,"2025-06-10 16:00:30","ç»§ç»­","é‚£ä¹ˆå¸®æˆ‘ç”Ÿæˆä¸€ä¸ªè®°å½•ï¼šé¡¹ç›®ã€ä¼šè¯idã€æ—¶é—´ã€Qã€A"
cursor-chat-memory,a079be78-466e-4b3f-98f2-faf7aad71266,"2025-06-10 16:01:08","ç»§ç»­ä¿®å¤å‰©ä½™çš„APIç«¯ç‚¹",generate-qa-records.sql
cursor-chat-memory,a079be78-466e-4b3f-98f2-faf7aad71266,"2025-06-10 16:01:33","ç»§ç»­",generate-qa-records.sql
